{"cameraMode":{"drawMode":0,"name":"Shaded","section":"Shading Mode"},"sceneLighting":true,"audioPlay":false,"sceneViewState":{"m_AlwaysRefresh":false,"showFog":true,"showSkybox":true,"showFlares":true,"showImageEffects":true,"showParticleSystems":true,"showVisualEffectGraphs":true,"m_FxEnabled":true},"in2DMode":false,"pivot":{"x":5.144031047821045,"y":-10.955070495605469,"z":81.81773376464844},"rotation":{"x":0.015273683704435826,"y":-0.9475315809249878,"z":0.31599923968315127,"w":0.04579710587859154},"size":17.354598999023439,"orthographic":false}